relation_id,sentence_id,description,is_true,expectation,words,p1_start,p1_length,p2_start,p2_length,p2_length,features,weights
eng-WL-11-174643-12999752_83_0-eng-WL-11-174643-12999752_83_4,eng-WL-11-174643-12999752_83,Tom Selleck-Jillie Mack,t,0.906,"{Tom,Selleck,and,wife,Jillie,Mack,at,the,1989,Academy,Awards,picture,-LRB-,c,-RRB-,photo,by,Alan,Light,Tom,Selleck,is,American,actor,"","",script,writer,and,the,producer,probably,most,known,for,its,leading,role,as,private,detective,Thomas,Megnum,being,in,Hawaii,on,the,Wine,large,bottle,of,teleshow,"","",Magnum,"","",P.I.,.}",0,2,4,2,2,"{NGRAM_1_[wife],STARTS_WITH_CAPITAL_[True_True],LENGTHS_[2_2],""POS_SEQ_[CC NN]"",""NER_SEQ_[O O]"",""BETW_D_[dep . dep]""}","{1.45266,-1.31464,1.00097,0.812338,0.481143,-0.320318}"
XIN_ENG_20070917.0345.LDC2009T13_152_25-XIN_ENG_20070917.0345.LDC2009T13_152_16,XIN_ENG_20070917.0345.LDC2009T13_152,Ehud Olmert-Aliza Olmert,t,0.956,"{The,exhibition,involved,prominent,Israeli,and,Palestinian,painters,"","",sculptors,"","",designers,and,photographers,"","",including,Aliza,Olmert,"","",the,wife,of,Israeli,Prime,Minister,Ehud,Olmert,.}",25,2,16,2,2,"{INV_NGRAM_1_[wife],INV_LENGTHS_[2_2],""INV_BETW_D_[prep_of DICT_married appos]"",INV_STARTS_WITH_CAPITAL_[True_True],""INV_NGRAM_1_[,]"",IS_INVERTED}","{1.40876,1.0991,0.850398,-0.763446,-0.66542,-0.651428}"
AFP_ENG_20070720.0248.LDC2009T13_79_28-AFP_ENG_20070720.0248.LDC2009T13_79_35,AFP_ENG_20070720.0248.LDC2009T13_79,Sherry Lansing-Billy Friedkin,,0.908,"{The,Los,Angeles,Times,reported,that,celebrities,whose,homes,have,been,raided,included,country,music,stars,Tim,McGraw,and,Faith,Hill,as,well,as,former,Paramount,Pictures,chief,Sherry,Lansing,and,her,Oscar-winning,director,husband,Billy,Friedkin,.}",28,2,35,2,2,"{NGRAM_1_[husband],STARTS_WITH_CAPITAL_[True_True],LENGTHS_[2_2],NGRAM_1_[she],NGRAM_1_[and],""POS_SEQ_[CC PRP$ JJ NN NN]""}","{1.38993,-1.31464,1.00097,0.686583,-0.221701,0.18347}"
70362@35_6-70362@35_1,70362@35,Kelly Ripa-Mark Consuelos,t,0.93,"{Actor,Mark,Consuelos,"","",husband,of,Kelly,Ripa,and,one,of,USF,'s,most,famous,alums,"","",is,scheduled,to,attend,the,football,game,Thursday,at,Rutgers,.}",6,2,1,2,2,"{INV_NGRAM_1_[husband],INV_LENGTHS_[2_2],""INV_BETW_D_[prep_of DICT_married appos]"",INV_STARTS_WITH_CAPITAL_[True_True],""INV_NGRAM_1_[,]"",IS_INVERTED}","{1.33699,1.0991,0.850398,-0.763446,-0.66542,-0.651428}"
AFP_ENG_20070317.0247.LDC2009T13_9_28-AFP_ENG_20070317.0247.LDC2009T13_9_11,AFP_ENG_20070317.0247.LDC2009T13_9,Brian Lynch-Roland Garros,,0.908,"{Former,US,Open,champion,Kim,Clijsters,said,Saturday,she,will,skip,Roland,Garros,this,year,to,enable,her,to,prepare,for,her,upcoming,marriage,with,American,basketball,player,Brian,Lynch,.}",28,2,11,2,2,"{INV_LENGTHS_[2_2],INV_STARTS_WITH_CAPITAL_[True_True],INV_NGRAM_1_[she],IS_INVERTED,INV_NGRAM_1_[marriage],INV_NGRAM_1_[with]}","{1.0991,-0.763446,0.658011,-0.651428,0.507923,0.415228}"
AFP_ENG_20070919.0854.LDC2009T13_9_3-AFP_ENG_20070919.0854.LDC2009T13_9_31,AFP_ENG_20070919.0854.LDC2009T13_9,Britney Spears-Kevin Federline,t,0.988,"{The,judge,in,Britney,Spears,',custody,case,has,ordered,the,troubled,pop,singer,to,undergo,random,drug,testing,in,the,latest,twist,to,her,increasingly,bitter,legal,battle,with,ex-husband,Kevin,Federline,"","",court,documents,showed,Tuesday,.}",3,2,31,2,2,"{STARTS_WITH_CAPITAL_[True_True],LENGTHS_[2_3],NGRAM_1_[ex-husband],NGRAM_1_[she],NGRAM_1_[custody],NGRAM_1_[with]}","{-1.31464,0.973073,0.892243,0.686583,0.369509,0.333158}"
AFP_ENG_20070919.0852.LDC2009T13_9_30-AFP_ENG_20070919.0852.LDC2009T13_9_3,AFP_ENG_20070919.0852.LDC2009T13_9,Kevin Federline-Britney Spears,t,0.97,"{The,judge,in,Britney,Spears,',custody,case,has,ordered,the,troubled,singer,to,undergo,random,drug,testing,in,the,latest,twist,to,her,increasingly,bitter,legal,battle,with,ex-husband,Kevin,Federline,"","",court,documents,showed,Tuesday,.}",30,2,3,2,2,"{INV_NGRAM_1_[ex-husband],INV_LENGTHS_[3_2],INV_STARTS_WITH_CAPITAL_[True_True],INV_NGRAM_1_[she],IS_INVERTED,INV_NGRAM_1_[with]}","{0.976163,0.92871,-0.763446,0.658011,-0.651428,0.415228}"
AFP_ENG_20080311.0500.LDC2009T13_76_16-AFP_ENG_20080311.0500.LDC2009T13_76_6,AFP_ENG_20080311.0500.LDC2009T13_76,Benazir Bhutto-Asif Ali Zardari,t,0.94,"{The,announcement,comes,two,days,after,Asif,Ali,Zardari,"","",widower,of,slain,ex,-,premier,Benazir,Bhutto,"","",and,former,prime,minister,Nawaz,Sharif,signed,a,coalition,pact,in,the,wake,of,the,February,18,general,election,.}",16,2,6,3,3,"{INV_LENGTHS_[2_3],INV_NGRAM_1_[widower],INV_STARTS_WITH_CAPITAL_[True_True],""INV_NGRAM_1_[,]"",IS_INVERTED,""INV_NGRAM_2_[widower of]""}","{1.08611,0.849673,-0.763446,-0.66542,-0.651428,0.605642}"
AFP_ENG_20080301.0128.LDC2009T13_87_27-AFP_ENG_20080301.0128.LDC2009T13_87_17,AFP_ENG_20080301.0128.LDC2009T13_87,Paul McCartney-Heather Mills,t,0.96,"{But,a,minority,of,the,traveling,support,was,not,so,sympathetic,"","",comparing,the,player,to,amputee,Heather,Mills,"","",the,estranged,wife,of,pop,legend,Sir,Paul,McCartney,.}",27,2,17,2,2,"{INV_NGRAM_1_[wife],INV_LENGTHS_[2_2],""INV_BETW_D_[prep_of DICT_married appos]"",INV_STARTS_WITH_CAPITAL_[True_True],""INV_NGRAM_1_[,]"",IS_INVERTED}","{1.40876,1.0991,0.850398,-0.763446,-0.66542,-0.651428}"
AFP_ENG_20070919.0852.LDC2009T13_9_3-AFP_ENG_20070919.0852.LDC2009T13_9_30,AFP_ENG_20070919.0852.LDC2009T13_9,Britney Spears-Kevin Federline,t,0.968,"{The,judge,in,Britney,Spears,',custody,case,has,ordered,the,troubled,singer,to,undergo,random,drug,testing,in,the,latest,twist,to,her,increasingly,bitter,legal,battle,with,ex-husband,Kevin,Federline,"","",court,documents,showed,Tuesday,.}",3,2,30,2,2,"{STARTS_WITH_CAPITAL_[True_True],LENGTHS_[2_3],NGRAM_1_[ex-husband],NGRAM_1_[she],NGRAM_1_[custody],NGRAM_1_[with]}","{-1.31464,0.973073,0.892243,0.686583,0.369509,0.333158}"
71991@1_0-71991@1_8,71991@1,Ann Romney-Mitt Romney,t,0.984,"{Ann,Romney,"","",wife,of,former,Massachusetts,Gov.,Mitt,Romney,"","",devoted,part,of,her,remarks,to,the,annual,women,'s,conference,hosted,by,California,Gov.,Arnold,Schwarzenegger,and,his,wife,"","",Maria,Shriver,"","",in,Long,Beach,"","",Calif.,"","",to,lavishly,praise,the,face-to-face,process,of,wooing,voters,in,Iowa,and,New,Hampshire,"","",two,small,"","",early,contest,states,where,polls,show,her,husband,leading,the,field,of,candidates,for,the,2008,Republican,presidential,nomination,.}",0,2,8,2,2,"{NGRAM_1_[wife],STARTS_WITH_CAPITAL_[True_True],LENGTHS_[2_2],""BETW_D_[appos DICT_married prep_of]"",""NGRAM_1_[,]"",""NGRAM_2_[wife of]""}","{1.45266,-1.31464,1.00097,0.819902,-0.736788,0.621528}"
eng-WL-11-174595-12967599_243_28-eng-WL-11-174595-12967599_243_22,eng-WL-11-174595-12967599_243,Brad Pitt-Jennifer Aniston,t,0.93,"{LOS,ANGELES,--,Us,Weekly,has,learned,exclusively,that,Jessica,Simpson,has,hired,high-powered,L.A.,divorce,attorney,Robert,Kaufman,"","",who,represented,Jennifer,Aniston,in,her,divorce,with,Brad,Pitt,earlier,this,year,"","",to,handle,her,divorce,with,Nick,Lachey,.}",28,2,22,2,2,"{INV_STARTS_WITH_CAPITAL_[True_True],INV_NGRAM_1_[divorce],INV_NGRAM_1_[she],IS_INVERTED,""INV_NER_SEQ_[O O O O]"",INV_NGRAM_1_[with]}","{-0.763446,0.698629,0.658011,-0.651428,0.536349,0.415228}"
eng-WL-11-174595-12968516_2172_6-eng-WL-11-174595-12968516_2172_2,eng-WL-11-174595-12968516_2172,Keith Urban-Nicole Kidman,t,0.954,"{Now,that,Nicole,Kidman,and,hubby,Keith,Urban,have,officially,confirmed,that,they,are,pregs,"","",they,can,officially,begin,the,fun,game,of,Hide,the,Bump,:}",6,2,2,2,2,"{INV_LENGTHS_[2_2],INV_NGRAM_1_[hubby],INV_STARTS_WITH_CAPITAL_[True_True],IS_INVERTED,""INV_NER_SEQ_[O O]"",""INV_POS_SEQ_[CC NNP]""}","{1.0991,0.891132,-0.763446,-0.651428,0.458043,0.370351}"
eng-WL-11-174595-12968522_3633_7-eng-WL-11-174595-12968522_3633_0,eng-WL-11-174595-12968522_3633,Rick Solomon-Pamela Anderson,,0.94,"{Pamela,Anderson,canoodles,with,her,current,hubby,Rick,Solomon,on,Saturday,and,her,ex-husband,Tommy,Lee,on,Sunday,.}",7,2,0,2,2,"{INV_LENGTHS_[2_3],INV_NGRAM_1_[hubby],INV_STARTS_WITH_CAPITAL_[True_True],INV_NGRAM_1_[she],IS_INVERTED,INV_NGRAM_1_[with]}","{1.08611,0.891132,-0.763446,0.658011,-0.651428,0.415228}"
eng-WL-11-174643-13000356_177_4-eng-WL-11-174643-13000356_177_6,eng-WL-11-174643-13000356_177,Widmark-Susan Blanchard,,0.94,"{In,September,1999,"","",Widmark,married,Susan,Blanchard,"","",who,earlier,was,Henry,Fonda,'s,third,wife,.}",4,1,6,2,2,"{STARTS_WITH_CAPITAL_[True_True],NGRAM_1_[marry],NER_SEQ_[O],POS_SEQ_[VBD],KW_L_[nsubj]_[dobj],""BETW_[nsubj marry dobj]""}","{-1.31464,1.12548,0.567821,0.334451,0.237864,0.237864}"
LTW_ENG_20080905.0090.LDC2009T13_5_19-LTW_ENG_20080905.0090.LDC2009T13_5_4,LTW_ENG_20080905.0090.LDC2009T13_5,Benazir Bhutto-Asif Ali Zardari,t,0.946,"{Two,decades,ago,"","",Asif,Ali,Zardari,was,virtually,unknown,in,the,high-flying,political,circles,that,his,new,wife,Benazir,Bhutto,traveled,in,.}",19,2,4,3,3,"{INV_NGRAM_1_[wife],INV_LENGTHS_[2_3],INV_STARTS_WITH_CAPITAL_[True_True],IS_INVERTED,""INV_NER_SEQ_[O O O O O O O O O O O O]"",INV_NGRAM_1_[he]}","{1.40876,1.08611,-0.763446,-0.651428,0.460507,0.327682}"
eng-WL-11-174595-12970301_71_19-eng-WL-11-174595-12970301_71_14,eng-WL-11-174595-12970301_71,Nick Cannon-Mariah Carey,t,0.902,"{My,father,is,currently,staying,in,Eleuthera,in,the,Bahamas,and,can,confirm,that,Mariah,Carey,did,infact,marry,Nick,Cannon,yesterday,.}",19,2,14,2,2,"{INV_NGRAM_1_[marry],INV_LENGTHS_[2_2],INV_KW_IND_[non_married],INV_STARTS_WITH_CAPITAL_[True_True],IS_INVERTED,""INV_NER_SEQ_[O O O]""}","{1.16876,1.0991,-1.05898,-0.763446,-0.651428,0.546301}"
LTW_ENG_20070111.0075.LDC2009T13_8_30-LTW_ENG_20070111.0075.LDC2009T13_8_0,LTW_ENG_20070111.0075.LDC2009T13_8,Sophia Loren-Carlo Ponti,t,0.918,"{Carlo,Ponti,"","",the,Italian,producer,of,films,such,as,``,La,Strada,"","",'',``,Doctor,Zhivago,'',and,``,Blowup,'',and,the,longtime,husband,of,Oscar-winning,actress,Sophia,Loren,"","",has,died,.}",30,2,0,2,2,"{INV_NGRAM_1_[husband],INV_LENGTHS_[2_2],INV_STARTS_WITH_CAPITAL_[True_True],""INV_NGRAM_1_[,]"",IS_INVERTED,""INV_NGRAM_2_[husband of]""}","{1.33699,1.0991,-0.763446,-0.66542,-0.651428,0.523005}"
APW_ENG_20081111.1222.LDC2009T13_14_28-APW_ENG_20081111.1222.LDC2009T13_14_0,APW_ENG_20081111.1222.LDC2009T13_14,Smith-Jennifer Aniston,,0.906,"{Jennifer,Aniston,says,Angelina,Jolie,was,out,of,line,when,she,spilled,details,about,her,relationship,with,Brad,Pitt,on,the,set,of,the,``,Mr.,&,Mrs.,Smith,'',film,.}",28,1,0,2,2,"{INV_STARTS_WITH_CAPITAL_[True_True],INV_NGRAM_1_[she],IS_INVERTED,INV_NGRAM_1_[with],INV_NGRAM_1_[of],INV_NGRAM_1_[``]}","{-0.763446,0.658011,-0.651428,0.415228,-0.345948,-0.233331}"
eng-WL-11-174595-12968182_1185_0-eng-WL-11-174595-12968182_1185_5,eng-WL-11-174595-12968182_1185,Jennifer Lopez-Marc Anthony,t,0.958,"{Jennifer,Lopez,and,her,husband,Marc,Anthony,made,an,appearance,at,the,Echo,Music,Awards,-LRB-,which,is,"","",essentially,"","",the,German,version,of,the,Grammy,Awards,-RRB-,over,the,weekend,and,while,Jenny,Lo,was,lookin,',really,hot,...,her,hubby,was,lookin,',really,...,not,:}",0,2,5,2,2,"{NGRAM_1_[husband],STARTS_WITH_CAPITAL_[True_True],LENGTHS_[2_2],NGRAM_1_[she],""NER_SEQ_[O O O]"",NGRAM_1_[and]}","{1.38993,-1.31464,1.00097,0.686583,0.507892,-0.221701}"
AFP_ENG_20080206.0181.LDC2009T13_494_16-AFP_ENG_20080206.0181.LDC2009T13_494_12,AFP_ENG_20080206.0181.LDC2009T13_494,Katie Holmes-Tom Cruise,t,0.908,"{His,memorial,service,in,Los,Angeles,drew,an,A-list,of,mourners,including,Tom,Cruise,and,wife,Katie,Holmes,.}",16,2,12,2,2,"{INV_NGRAM_1_[wife],INV_LENGTHS_[2_2],""INV_POS_SEQ_[CC NN]"",INV_STARTS_WITH_CAPITAL_[True_True],IS_INVERTED,""INV_NER_SEQ_[O O]""}","{1.40876,1.0991,0.847347,-0.763446,-0.651428,0.458043}"
50222@19_11-50222@19_17,50222@19,Jeri Kehn Thompson-Fred Thompson,t,0.992,"{The,New,York,Times,raised,eyebrows,recently,with,a,story,calling,Jeri,Kehn,Thompson,"","",wife,of,Fred,Thompson,"","",a,trophy,wife,.}",11,3,17,2,2,"{NGRAM_1_[wife],STARTS_WITH_CAPITAL_[True_True],LENGTHS_[3_2],""BETW_D_[appos DICT_married prep_of]"",""NGRAM_1_[,]"",""NGRAM_2_[wife of]""}","{1.45266,-1.31464,1.08145,0.819902,-0.736788,0.621528}"
AFP_ENG_20080108.0168.LDC2009T13_7_7-AFP_ENG_20080108.0168.LDC2009T13_7_13,AFP_ENG_20080108.0168.LDC2009T13_7,Nicolas Sarkozy-Carla Bruni,t,0.93,"{A,Belgian,holidaymaker,who,snapped,French,President,Nicolas,Sarkozy,and,his,new,girlfriend,Carla,Bruni,in,swimsuits,is,donating,the,fruits,of,his,scoop,to,a,children,'s,charity,"","",a,newspaper,reported,Tuesday,.}",7,2,13,2,2,"{STARTS_WITH_CAPITAL_[True_True],LENGTHS_[3_2],NGRAM_1_[girlfriend],""NER_SEQ_[O O O O]"",NGRAM_1_[he],""POS_SEQ_[CC PRP$ JJ NN]""}","{-1.31464,1.08145,0.917655,0.517331,0.311969,0.294054}"
AFP_ENG_20080129.0565.LDC2009T13_346_16-AFP_ENG_20080129.0565.LDC2009T13_346_9,AFP_ENG_20080129.0565.LDC2009T13_346,Lee Hsien Loong-Ho Ching,t,0.908,"{Temasek,'s,executive,director,and,chief,executive,officer,is,Ho,Ching,"","",wife,of,Prime,Minister,Lee,Hsien,Loong,.}",16,3,9,2,2,"{INV_NGRAM_1_[wife],""INV_BETW_D_[prep_of DICT_married appos]"",INV_STARTS_WITH_CAPITAL_[True_True],""INV_NGRAM_1_[,]"",IS_INVERTED,""INV_BETW_L_[prep_of appos]""}","{1.40876,0.850398,-0.763446,-0.66542,-0.651428,0.585163}"
AFP_ENG_20070614.0712.LDC2009T13_7_8-AFP_ENG_20070614.0712.LDC2009T13_7_0,AFP_ENG_20070614.0712.LDC2009T13_7,Billy Graham-Ruth Graham,t,0.988,"{Ruth,Graham,"","",the,wife,of,prominent,evangelist,Billy,Graham,"","",died,on,Thursday,at,her,home,in,North,Carolina,"","",her,husband,said,in,a,statement,.}",8,2,0,2,2,"{INV_NGRAM_1_[wife],INV_LENGTHS_[2_2],""INV_BETW_D_[prep_of DICT_married appos]"",INV_STARTS_WITH_CAPITAL_[True_True],""INV_NGRAM_1_[,]"",IS_INVERTED}","{1.40876,1.0991,0.850398,-0.763446,-0.66542,-0.651428}"
50222@19_17-50222@19_11,50222@19,Fred Thompson-Jeri Kehn Thompson,t,0.988,"{The,New,York,Times,raised,eyebrows,recently,with,a,story,calling,Jeri,Kehn,Thompson,"","",wife,of,Fred,Thompson,"","",a,trophy,wife,.}",17,2,11,3,3,"{INV_NGRAM_1_[wife],INV_LENGTHS_[2_3],""INV_BETW_D_[prep_of DICT_married appos]"",INV_STARTS_WITH_CAPITAL_[True_True],""INV_NGRAM_1_[,]"",IS_INVERTED}","{1.40876,1.08611,0.850398,-0.763446,-0.66542,-0.651428}"
LTW_ENG_20080205.0134.LDC2009T13_1071_13-LTW_ENG_20080205.0134.LDC2009T13_1071_3,LTW_ENG_20080205.0134.LDC2009T13_1071,Arnold Schwarzenegger-Maria Shriver,t,0.938,"{That,was,before,Maria,Shriver,"","",the,highly,popular,wife,of,Republican,Gov.,Arnold,Schwarzenegger,and,a,member,of,the,Kennedy,family,"","",endorsed,Obama,at,a,rally,in,Los,Angeles,with,Oprah,Winfrey,.}",13,2,3,2,2,"{INV_NGRAM_1_[wife],INV_LENGTHS_[4_2],""INV_BETW_D_[prep_of DICT_married appos]"",INV_STARTS_WITH_CAPITAL_[True_True],""INV_NGRAM_1_[,]"",IS_INVERTED}","{1.40876,1.27709,0.850398,-0.763446,-0.66542,-0.651428}"
eng-WL-11-174611-12976586_18_46-eng-WL-11-174611-12976586_18_12,eng-WL-11-174611-12976586_18,Charlie Dry-James Miko,,0.922,"{JMG,reader,Douglas,In,Oklahoma,points,us,to,this,teaser,post,by,James,Miko,on,a,site,called,Gossip,Boy,"","",in,which,Miko,describes,having,gone,undercover,at,Anita,Bryant,'s,new,ministry,in,Oklahoma,City,"","",which,she,runs,with,her,second,husband,"","",Charlie,Dry,.}",46,2,12,2,2,"{INV_NGRAM_1_[husband],INV_LENGTHS_[2_2],INV_STARTS_WITH_CAPITAL_[True_True],""INV_NGRAM_1_[,]"",INV_NGRAM_1_[she],IS_INVERTED}","{1.33699,1.0991,-0.763446,-0.66542,0.658011,-0.651428}"
eng-WL-11-174595-12968813_180_0-eng-WL-11-174595-12968813_180_11,eng-WL-11-174595-12968813_180,Ryan Phillippe-Jake Gyllenhaal,,0.918,"{Ryan,Phillippe,has,given,his,ex-wife,Reese,Witherspoon,and,her,boyfriend,Jake,Gyllenhaal,his,blessing,.}",0,2,11,2,2,"{STARTS_WITH_CAPITAL_[True_True],LENGTHS_[2_3],NGRAM_1_[ex-wife],NGRAM_1_[she],NGRAM_1_[boyfriend],NGRAM_1_[he]}","{-1.31464,0.973073,0.833705,0.686583,0.673115,0.311969}"
eng-WL-11-174573-12960425_5348_14-eng-WL-11-174573-12960425_5348_27,eng-WL-11-174573-12960425_5348,Mary Shelley-Percy Bysshe Shelley,t,0.944,"{-LRB-,See,Important,Quotations,Explained,-RRB-,Frankenstein,opens,with,a,preface,"","",signed,by,Mary,Shelley,but,commonly,supposed,to,have,been,written,by,her,husband,"","",Percy,Bysshe,Shelley,.}",14,2,27,3,3,"{NGRAM_1_[husband],STARTS_WITH_CAPITAL_[True_True],LENGTHS_[2_4],""NGRAM_1_[,]"",NGRAM_1_[she],""NGRAM_2_[husband ,]""}","{1.38993,-1.31464,1.22152,-0.736788,0.686583,0.352445}"
eng-WL-11-174595-12967901_1894_30-eng-WL-11-174595-12967901_1894_8,eng-WL-11-174595-12967901_1894,Nick Lachey-Jessica Simpson,t,0.95,"{And,finally,"","",here,are,a,couple,new,Jessica,Simpson,promo,pictures,...,her,new,album,A,Public,Affair,-LRB-,which,has,nothing,at,all,do,to,with,her,ex-husband,Nick,Lachey,-RRB-,comes,out,at,the,end,of,this,month,and,it,'s,about,time,her,promo,machine,kicks,into,high,gear,:}",30,2,8,2,2,"{INV_LENGTHS_[2_3],INV_NGRAM_1_[ex-husband],INV_STARTS_WITH_CAPITAL_[True_True],INV_NGRAM_1_[she],IS_INVERTED,INV_NGRAM_1_[with]}","{1.08611,0.976163,-0.763446,0.658011,-0.651428,0.415228}"
eng-WL-11-174595-12967688_475_6-eng-WL-11-174595-12967688_475_0,eng-WL-11-174595-12967688_475,Mark Wilkerson-Melissa Joan Hart,t,0.944,"{Melissa,Joan,Hart,and,her,husband,Mark,Wilkerson,unveil,the,first,official,pictures,of,their,new,baby,boy,Mason,to,People,magazine,...,and,here,they,are,:}",6,2,0,3,3,"{INV_NGRAM_1_[husband],INV_LENGTHS_[2_3],INV_STARTS_WITH_CAPITAL_[True_True],INV_NGRAM_1_[she],IS_INVERTED,""INV_NER_SEQ_[O O O]""}","{1.33699,1.08611,-0.763446,0.658011,-0.651428,0.546301}"
eng-WL-11-174572-12950463_0_0-eng-WL-11-174572-12950463_0_3,eng-WL-11-174572-12950463_0,Heidi Montag-Spencer Pratt,t,0.916,"{Heidi,Montag,and,Spencer,Pratt,Celebrate,July,4th,with,a,Run,for,Charity}",0,2,3,2,2,"{STARTS_WITH_CAPITAL_[True_True],LENGTHS_[2_2],NER_SEQ_[O],LEMMA_SEQ_[and],POS_SEQ_[CC],""BETW_L_[nsubj nsubj]""}","{-1.31464,1.00097,0.567821,0.444546,0.426531,0.325851}"
eng-WL-109-174581-12950676_483_4-eng-WL-109-174581-12950676_483_0,eng-WL-109-174581-12950676_483,Vendela Vida-Dave Eggers,t,0.956,"{Dave,Eggers,and,wife,Vendela,Vida,penned,the,original,screenplay,.}",4,2,0,2,2,"{INV_NGRAM_1_[wife],INV_LENGTHS_[2_2],""INV_POS_SEQ_[CC NN]"",INV_STARTS_WITH_CAPITAL_[True_True],IS_INVERTED,""INV_NER_SEQ_[O O]""}","{1.40876,1.0991,0.847347,-0.763446,-0.651428,0.458043}"
eng-WL-11-174595-12966976_222_11-eng-WL-11-174595-12966976_222_16,eng-WL-11-174595-12966976_222,Marc Anthony-Jennifer Lopez,t,0.934,"{The,fun,gang,at,ONTD,also,sniffed,out,this,picture,of,Marc,Anthony,and,his,wife,Jennifer,Lopez,.}",11,2,16,2,2,"{NGRAM_1_[wife],STARTS_WITH_CAPITAL_[True_True],LENGTHS_[2_2],""NER_SEQ_[O O O]"",W_LEMMA_L_1_R_1_[of]_[.],NGRAM_1_[he]}","{1.45266,-1.31464,1.00097,0.507892,0.373802,0.311969}"
eng-WL-11-174595-12967875_322_0-eng-WL-11-174595-12967875_322_9,eng-WL-11-174595-12967875_322,KEVIN Federline-Britney Spears,t,0.916,"{KEVIN,Federline,is,recording,a,song,with,his,wife,Britney,Spears,--,in,a,bid,to,boost,sales,of,his,debut,album,.}",0,2,9,2,2,"{NGRAM_1_[wife],STARTS_WITH_CAPITAL_[True_True],LENGTHS_[3_2],""NER_SEQ_[O O O O O O O]"",NGRAM_1_[with],NGRAM_1_[he]}","{1.45266,-1.31464,1.08145,0.396727,0.333158,0.311969}"
eng-WL-11-174595-12968026_130_7-eng-WL-11-174595-12968026_130_10,eng-WL-11-174595-12968026_130,Britney Spears-Kevin Federline,t,0.902,"{New,information,on,the,final,days,of,Britney,Spears,and,Kevin,Federline,'s,marriage,shows,that,Spears,"","",24,"","",laid,out,her,plans,to,drop,Federline,and,resuscitate,her,career,during,the,week,before,she,filed,for,divorce,on,November,7,.}",7,2,10,2,2,"{STARTS_WITH_CAPITAL_[True_True],LENGTHS_[2_3],NER_SEQ_[O],LEMMA_SEQ_[and],POS_SEQ_[CC],WORD_SEQ_[and]}","{-1.31464,0.973073,0.567821,0.444546,0.426531,0.314057}"
APW_ENG_20080317.1411.LDC2009T13_749_2-APW_ENG_20080317.1411.LDC2009T13_749_11,APW_ENG_20080317.1411.LDC2009T13_749,Heather Mills-Paul McCartney,t,0.946,"{LONDON,--,Heather,Mills,walks,away,from,her,four-year,marriage,to,Paul,McCartney,with,a,24.3,million,pound,-LRB-,euro31,million,;,US$,48.6,million,-RRB-,divorce,settlement,--,a,fifth,of,what,she,had,sought,and,a,fraction,of,the,former,Beatle,'s,fortune,.}",2,2,11,2,2,"{STARTS_WITH_CAPITAL_[True_True],LENGTHS_[2_2],NGRAM_1_[she],NGRAM_1_[marriage],""NGRAM_2_[marriage to]"",NGRAM_1_[from]}","{-1.31464,1.00097,0.686583,0.421682,0.408882,0.248526}"
NYT_ENG_20080310.0182.LDC2009T13_11_11-NYT_ENG_20080310.0182.LDC2009T13_11_0,NYT_ENG_20080310.0182.LDC2009T13_11,Benazir Bhutto-Asif Ali Zardari,t,0.978,"{Asif,Ali,Zardari,"","",the,widower,of,the,slain,opposition,leader,Benazir,Bhutto,"","",sits,at,the,pinnacle,of,Pakistani,politics,.}",11,2,0,3,3,"{INV_LENGTHS_[2_3],INV_NGRAM_1_[widower],INV_STARTS_WITH_CAPITAL_[True_True],""INV_NGRAM_1_[,]"",IS_INVERTED,""INV_NGRAM_2_[widower of]""}","{1.08611,0.849673,-0.763446,-0.66542,-0.651428,0.605642}"
NYT_ENG_20080301.0014.LDC2009T13_340_0-NYT_ENG_20080301.0014.LDC2009T13_340_10,NYT_ENG_20080301.0014.LDC2009T13_340,Sandra Will Carradine-Keith Carradine,t,0.97,"{Sandra,Will,Carradine,"","",the,former,wife,of,the,actor,Keith,Carradine,"","",to,testify,that,she,listened,to,Pellicano,'s,illegal,recordings,of,Carradine,'s,phone,calls,during,a,property,dispute,in,her,divorce,case,.}",0,3,10,2,2,"{NGRAM_1_[wife],STARTS_WITH_CAPITAL_[True_True],""BETW_D_[appos DICT_married prep_of]"",""NGRAM_1_[,]"",""NGRAM_2_[wife of]"",""BETW_[appos wife prep_of]""}","{1.45266,-1.31464,0.819902,-0.736788,0.621528,0.567348}"
eng-WL-11-174592-12942218_323_0-eng-WL-11-174592-12942218_323_3,eng-WL-11-174592-12942218_323,Ashton Kutcher-Demi Moore,t,0.91,"{Ashton,Kutcher,and,Demi,Moore,attended,the,premiere,of,Demi,'s,former,husband,Bruce,Willis,',new,sequel,``,Live,Free,of,Die,Hard,'',on,Friday,night,in,Los,Angeles,.}",0,2,3,2,2,"{STARTS_WITH_CAPITAL_[True_True],LENGTHS_[2_2],NER_SEQ_[O],LEMMA_SEQ_[and],POS_SEQ_[CC],WORD_SEQ_[and]}","{-1.31464,1.00097,0.567821,0.444546,0.426531,0.314057}"
NYT_ENG_20080115.0110.LDC2009T13_427_25-NYT_ENG_20080115.0110.LDC2009T13_427_10,NYT_ENG_20080115.0110.LDC2009T13_427,Jill Eikenberry-Michael Tucker,t,0.972,"{Good,guanciale,makes,all,the,difference,"","",said,the,actor,Michael,Tucker,"","",an,accomplished,cook,"","",who,"","",with,his,wife,"","",the,actress,Jill,Eikenberry,"","",has,a,house,in,Umbria,.}",25,2,10,2,2,"{INV_NGRAM_1_[wife],INV_LENGTHS_[3_2],INV_STARTS_WITH_CAPITAL_[True_True],""INV_NGRAM_1_[,]"",IS_INVERTED,INV_NGRAM_1_[with]}","{1.40876,0.92871,-0.763446,-0.66542,-0.651428,0.415228}"
NYT_ENG_20080822.0051.LDC2009T13_289_27-NYT_ENG_20080822.0051.LDC2009T13_289_17,NYT_ENG_20080822.0051.LDC2009T13_289,Benazir Bhutto-Asif Ali Zardari,t,0.95,"{Members,of,the,Pakistan,Peoples,Party,"","",the,other,leading,party,in,the,coalition,government,"","",want,Asif,Ali,Zardari,"","",the,widower,of,former,Prime,Minister,Benazir,Bhutto,and,a,leader,of,the,party,"","",to,be,the,next,president,.}",27,2,17,3,3,"{INV_LENGTHS_[2_3],INV_NGRAM_1_[widower],INV_STARTS_WITH_CAPITAL_[True_True],""INV_NGRAM_1_[,]"",IS_INVERTED,""INV_NGRAM_2_[widower of]""}","{1.08611,0.849673,-0.763446,-0.66542,-0.651428,0.605642}"
NYT_ENG_20080321.0017.LDC2009T13_31_33-NYT_ENG_20080321.0017.LDC2009T13_31_25,NYT_ENG_20080321.0017.LDC2009T13_31,John Tortorella-Christine Tortorella,t,0.91,"{I,could,tell,you,how,these,truly,beautiful,children,buzzed,around,the,Lightning,mascot,"","",waving,copies,of,Hey,Coach,"","",the,book,written,by,Christine,Tortorella,"","",the,wife,of,Lightning,coach,John,Tortorella,.}",33,2,25,2,2,"{INV_NGRAM_1_[wife],""INV_BETW_D_[prep_of DICT_married appos]"",INV_STARTS_WITH_CAPITAL_[True_True],""INV_NGRAM_1_[,]"",IS_INVERTED,""INV_BETW_L_[prep_of appos]""}","{1.40876,0.850398,-0.763446,-0.66542,-0.651428,0.585163}"
NYT_ENG_20070911.0146.LDC2009T13_649_13-NYT_ENG_20070911.0146.LDC2009T13_649_16,NYT_ENG_20070911.0146.LDC2009T13_649,David Petraeus-Holly Knowlton,t,0.926,"{Two,months,after,graduating,from,West,Point,"","",the,newly,commissioned,2nd,Lt.,David,Petraeus,married,Holly,Knowlton,"","",the,daughter,of,Gen.,William,A.,Knowlton,"","",then,superintendent,of,the,academy,.}",13,2,16,2,2,"{STARTS_WITH_CAPITAL_[True_True],NGRAM_1_[marry],KW_IND_[non_married],LENGTHS_[2_2],NER_SEQ_[O],POS_SEQ_[VBD]}","{-1.31464,1.12548,-1.07205,1.00097,0.567821,0.334451}"
LTW_ENG_20080907.0037.LDC2009T13_6_6-LTW_ENG_20080907.0037.LDC2009T13_6_16,LTW_ENG_20080907.0037.LDC2009T13_6,Asif Ali Zardari-Benazir Bhutto,t,0.912,"{Pakistan,'s,lawmakers,on,Saturday,elected,Asif,Ali,Zardari,"","",widower,of,slain,former,prime,minister,Benazir,Bhutto,"","",to,take,over,the,country,'s,presidency,amid,political,and,economic,turmoil,and,fears,of,a,strengthening,Taliban,insurgency,.}",6,3,16,2,2,"{STARTS_WITH_CAPITAL_[True_True],LENGTHS_[3_2],NGRAM_1_[widower],""NGRAM_1_[,]"",""NGRAM_2_[widower of]"",""NGRAM_3_[, widower of]""}","{-1.31464,1.08145,0.833708,-0.736788,0.625951,0.269399}"
APW_ENG_20080502.0018.LDC2009T13_76_0-APW_ENG_20080502.0018.LDC2009T13_76_10,APW_ENG_20080502.0018.LDC2009T13_76,Asif Ali Zardari-Benazir Bhutto,t,0.912,"{Asif,Ali,Zardari,"","",the,widower,and,political,successor,of,Benazir,Bhutto,"","",and,former,Prime,Minister,Nawaz,Sharif,wrapped,up,two,days,of,marathon,talks,Thursday,at,a,Dubai,hotel,.}",0,3,10,2,2,"{STARTS_WITH_CAPITAL_[True_True],LENGTHS_[3_2],NGRAM_1_[widower],""NGRAM_1_[,]"",""NER_SEQ_[O O O O O O O]"",""NGRAM_2_[the widower]""}","{-1.31464,1.08145,0.833708,-0.736788,0.396727,0.345561}"
eng-NG-31-104877-11906318_105_0-eng-NG-31-104877-11906318_105_5,eng-NG-31-104877-11906318_105,John Adams-Abigail from York,,0.96,"{John,Adams,to,his,wife,Abigail,from,York,"","",29,June,1774,"","",from,The,Letters,of,John,and,Abigail,Adams,"","",Penguin,classics,.}",0,2,5,3,3,"{NGRAM_1_[wife],STARTS_WITH_CAPITAL_[True_True],LENGTHS_[2_3],""NER_SEQ_[O O O]"",NGRAM_1_[he],""W_NER_L_1_R_3_[O]_[O DATE DATE]""}","{1.45266,-1.31464,0.973073,0.507892,0.311969,0.306871}"
eng-NG-31-104877-11906318_105_5-eng-NG-31-104877-11906318_105_0,eng-NG-31-104877-11906318_105,Abigail from York-John Adams,,0.93,"{John,Adams,to,his,wife,Abigail,from,York,"","",29,June,1774,"","",from,The,Letters,of,John,and,Abigail,Adams,"","",Penguin,classics,.}",5,3,0,2,2,"{INV_NGRAM_1_[wife],INV_LENGTHS_[3_2],INV_STARTS_WITH_CAPITAL_[True_True],IS_INVERTED,""INV_NER_SEQ_[O O O]"",INV_NGRAM_1_[he]}","{1.40876,0.92871,-0.763446,-0.651428,0.546301,0.327682}"
APW_ENG_20070713.1226.LDC2009T13_351_0-APW_ENG_20070713.1226.LDC2009T13_351_8,APW_ENG_20070713.1226.LDC2009T13_351,Eleanor Roosevelt-Franklin D. Roosevelt,t,0.944,"{Eleanor,Roosevelt,was,the,wife,of,former,President,Franklin,D.,Roosevelt,"","",and,was,known,for,her,promotion,of,social,welfare,programs,during,the,Depression,and,civil,rights,.}",0,2,8,3,3,"{NGRAM_1_[wife],STARTS_WITH_CAPITAL_[True_True],""NGRAM_2_[wife of]"",LENGTHS_[3_4],""NGRAM_2_[former President]"",""W_LEMMA_L_1_R_1_[.]_[,]""}","{1.45266,-1.31464,0.621528,0.603109,0.371027,0.286946}"
APW_ENG_20080911.0142.LDC2009T13_994_13-APW_ENG_20080911.0142.LDC2009T13_994_32,APW_ENG_20080911.0142.LDC2009T13_994,Georgina Chapman-Rachel Zoe,,0.914,"{Gorgeous,floral,hand-woven,embroidery,"","",gilded,piping,and,mandarin,collars,reigned,as,designer,Georgina,Chapman,"","",wife,of,studio,mogul,Harvey,Weinstein,"","",mingled,with,guests,like,actress,Amanda,Bynes,"","",stylist,Rachel,Zoe,and,``,American,Idol,'',runner-up,Katharine,McPhee,.}",13,2,32,2,2,"{NGRAM_1_[wife],STARTS_WITH_CAPITAL_[True_True],LENGTHS_[3_2],""NGRAM_1_[,]"",""NGRAM_2_[wife of]"",NGRAM_1_[actress]}","{1.45266,-1.31464,1.08145,-0.736788,0.621528,0.342907}"
eng-NG-31-146952-10454928_11_12-eng-NG-31-146952-10454928_11_4,eng-NG-31-146952-10454928_11,Carla Bruni-Nicolas Sarkozy,t,0.95,"{Recently,divorced,French,President,Nicolas,Sarkozy,'s,new,love,interest,is,supermodel-turned-singer,Carla,Bruni,"","",news,reports,said,recently,"","",after,the,two,were,photographed,together,at,Disneyland,Paris,.}",12,2,4,2,2,"{INV_LENGTHS_[2_3],INV_STARTS_WITH_CAPITAL_[True_True],IS_INVERTED,""INV_NER_SEQ_[O O O O O O]"",INV_NGRAM_1_[love],INV_NGRAM_1_[new]}","{1.08611,-0.763446,-0.651428,0.390385,0.352062,0.307032}"
NYT_ENG_20070409.0099.LDC2009T13_13_25-NYT_ENG_20070409.0099.LDC2009T13_13_8,NYT_ENG_20070409.0099.LDC2009T13_13,Diane Patrick-Deval Patrick,t,0.902,"{In,her,first,public,comments,since,Massachusetts,Governor,Deval,Patrick,announced,a,month,ago,that,his,wife,was,being,treated,for,exhaustion,and,depression,"","",Diane,Patrick,has,written,an,open,letter,in,which,she,says,she,is,now,on,the,mend,.}",25,2,8,2,2,"{INV_NGRAM_1_[wife],INV_LENGTHS_[2_2],INV_STARTS_WITH_CAPITAL_[True_True],""INV_NGRAM_1_[,]"",IS_INVERTED,INV_NGRAM_1_[he]}","{1.40876,1.0991,-0.763446,-0.66542,-0.651428,0.327682}"
LTW_ENG_20080129.0136.LDC2009T13_13_38-LTW_ENG_20080129.0136.LDC2009T13_13_31,LTW_ENG_20080129.0136.LDC2009T13_13,Bill Clinton-Hillary Rodham Clinton,t,0.954,"{Sen.,Edward,M.,Kennedy,delivered,a,highly,prized,endorsement,for,Sen.,Barack,Obama,Monday,as,well,as,a,pointed,rebuttal,to,the,main,lines,of,attack,used,against,him,by,Sen.,Hillary,Rodham,Clinton,and,her,husband,"","",Bill,Clinton,.}",38,2,31,3,3,"{INV_NGRAM_1_[husband],INV_LENGTHS_[2_4],INV_STARTS_WITH_CAPITAL_[True_True],""INV_NGRAM_1_[,]"",INV_NGRAM_1_[she],IS_INVERTED}","{1.33699,1.11094,-0.763446,-0.66542,0.658011,-0.651428}"
eng-WL-11-174595-12968182_1185_5-eng-WL-11-174595-12968182_1185_0,eng-WL-11-174595-12968182_1185,Marc Anthony-Jennifer Lopez,t,0.928,"{Jennifer,Lopez,and,her,husband,Marc,Anthony,made,an,appearance,at,the,Echo,Music,Awards,-LRB-,which,is,"","",essentially,"","",the,German,version,of,the,Grammy,Awards,-RRB-,over,the,weekend,and,while,Jenny,Lo,was,lookin,',really,hot,...,her,hubby,was,lookin,',really,...,not,:}",5,2,0,2,2,"{INV_NGRAM_1_[husband],INV_LENGTHS_[2_2],INV_STARTS_WITH_CAPITAL_[True_True],INV_NGRAM_1_[she],IS_INVERTED,""INV_NER_SEQ_[O O O]""}","{1.33699,1.0991,-0.763446,0.658011,-0.651428,0.546301}"
NYT_ENG_20070509.0202.LDC2009T13_706_12-NYT_ENG_20070509.0202.LDC2009T13_706_18,NYT_ENG_20070509.0202.LDC2009T13_706,Zelda Fitzgerald-F. Scott Fitzgerald,t,0.942,"{Skemer,"","",for,example,"","",personally,unsealed,the,mental,health,records,of,Zelda,Fitzgerald,"","",wife,of,author,F.,Scott,Fitzgerald,.}",12,2,18,3,3,"{NGRAM_1_[wife],STARTS_WITH_CAPITAL_[True_True],""BETW_D_[appos DICT_married prep_of]"",""NGRAM_1_[,]"",LENGTHS_[3_3],""NGRAM_2_[wife of]""}","{1.45266,-1.31464,0.819902,-0.736788,0.67779,0.621528}"
eng-WL-11-174595-12967901_1894_8-eng-WL-11-174595-12967901_1894_30,eng-WL-11-174595-12967901_1894,Jessica Simpson-Nick Lachey,t,0.928,"{And,finally,"","",here,are,a,couple,new,Jessica,Simpson,promo,pictures,...,her,new,album,A,Public,Affair,-LRB-,which,has,nothing,at,all,do,to,with,her,ex-husband,Nick,Lachey,-RRB-,comes,out,at,the,end,of,this,month,and,it,'s,about,time,her,promo,machine,kicks,into,high,gear,:}",8,2,30,2,2,"{STARTS_WITH_CAPITAL_[True_True],LENGTHS_[3_2],NGRAM_1_[ex-husband],NGRAM_1_[she],NGRAM_1_[with],NGRAM_1_[new]}","{-1.31464,1.08145,0.892243,0.686583,0.333158,0.233448}"
LTW_ENG_20070111.0075.LDC2009T13_8_0-LTW_ENG_20070111.0075.LDC2009T13_8_30,LTW_ENG_20070111.0075.LDC2009T13_8,Carlo Ponti-Sophia Loren,t,0.952,"{Carlo,Ponti,"","",the,Italian,producer,of,films,such,as,``,La,Strada,"","",'',``,Doctor,Zhivago,'',and,``,Blowup,'',and,the,longtime,husband,of,Oscar-winning,actress,Sophia,Loren,"","",has,died,.}",0,2,30,2,2,"{NGRAM_1_[husband],STARTS_WITH_CAPITAL_[True_True],LENGTHS_[2_2],""NGRAM_1_[,]"",""NGRAM_2_[husband of]"",NGRAM_1_[actress]}","{1.38993,-1.31464,1.00097,-0.736788,0.466609,0.342907}"
AFP_ENG_20081215.0748.LDC2009T13_424_20-AFP_ENG_20081215.0748.LDC2009T13_424_30,AFP_ENG_20081215.0748.LDC2009T13_424,Asif Ali Zardari-Benazir Bhutto,t,0.982,"{Bush,said,Washington,was,working,with,Pakistan,to,halt,cross,-,border,strikes,in,Afghanistan,"","",and,praised,Pakistani,President,Asif,Ali,Zardari,"","",the,widower,of,slain,former,premier,Benazir,Bhutto,"","",as,``,determined,'',to,help,.}",20,3,30,2,2,"{STARTS_WITH_CAPITAL_[True_True],LENGTHS_[3_2],NGRAM_1_[widower],""NGRAM_1_[,]"",""NGRAM_2_[widower of]"",""BETW_L_[appos prep_of]""}","{-1.31464,1.08145,0.833708,-0.736788,0.625951,0.476602}"
APW_ENG_20070104.1581.LDC2009T13_345_2-APW_ENG_20070104.1581.LDC2009T13_345_13,APW_ENG_20070104.1581.LDC2009T13_345,Bill Clinton-Hillary Rodham Clinton,t,0.954,"{Former,President,Bill,Clinton,watched,from,the,gallery,as,his,wife,"","",Sen.,Hillary,Rodham,Clinton,"","",was,sworn,in,for,a,second,term,from,New,York,.}",2,2,13,3,3,"{NGRAM_1_[wife],STARTS_WITH_CAPITAL_[True_True],LENGTHS_[2_4],""NGRAM_1_[,]"",""NER_SEQ_[O O O O O O O O O]"",NGRAM_1_[he]}","{1.45266,-1.31464,1.22152,-0.736788,0.312113,0.311969}"
APW_ENG_20070109.1303.LDC2009T13_20_4-APW_ENG_20070109.1303.LDC2009T13_20_0,APW_ENG_20070109.1303.LDC2009T13_20,Grant Shaffer-Alan Cumming,t,0.958,"{Alan,Cumming,married,illustrator,Grant,Shaffer,in,a,civil,ceremony,outside,London,over,the,weekend,"","",the,actor,'s,spokeswoman,"","",Bianca,Bianconi,"","",said,Tuesday,.}",4,2,0,2,2,"{INV_NGRAM_1_[marry],INV_LENGTHS_[2_2],INV_STARTS_WITH_CAPITAL_[True_True],IS_INVERTED,""INV_W_NER_L_2_R_1_[DATE O]_[O]"",""INV_BETW_D_[dobj DICT_married nsubj]""}","{1.16876,1.0991,-0.763446,-0.651428,0.235872,0.224436}"
AFP_ENG_20080326.0042.LDC2009T13_9_27-AFP_ENG_20080326.0042.LDC2009T13_9_22,AFP_ENG_20080326.0042.LDC2009T13_9,Carla Bruni-Nicolas Sarkozy,t,0.936,"{Queen,Elizabeth,II,hailed,what,she,called,the,ever-closer,relations,between,Britain,and,France,on,Wednesday,at,a,state,banquet,for,President,Nicolas,Sarkozy,and,his,wife,Carla,Bruni,-,Sarkozy,.}",27,2,22,2,2,"{INV_NGRAM_1_[wife],INV_LENGTHS_[2_3],INV_STARTS_WITH_CAPITAL_[True_True],IS_INVERTED,""INV_NER_SEQ_[O O O]"",INV_NGRAM_1_[he]}","{1.40876,1.08611,-0.763446,-0.651428,0.546301,0.327682}"
APW_ENG_20070126.0839.LDC2009T13_24_0-APW_ENG_20070126.0839.LDC2009T13_24_8,APW_ENG_20070126.0839.LDC2009T13_24,Eleanor McGovern-George McGovern,t,0.952,"{Eleanor,McGovern,"","",the,wife,of,former,Sen.,George,McGovern,"","",died,Thursday,"","",according,to,a,funeral,home,.}",0,2,8,2,2,"{NGRAM_1_[wife],STARTS_WITH_CAPITAL_[True_True],""BETW_D_[appos DICT_married prep_of]"",""NGRAM_1_[,]"",LENGTHS_[3_3],""NGRAM_2_[wife of]""}","{1.45266,-1.31464,0.819902,-0.736788,0.67779,0.621528}"
AFP_ENG_20081121.0052.LDC2009T13_80_5-AFP_ENG_20081121.0052.LDC2009T13_80_15,AFP_ENG_20081121.0052.LDC2009T13_80,Andrea Mitchell-Alan Greenspan,t,0.904,"{The,report,by,NBC,anchor,Andrea,Mitchell,"","",who,is,married,to,former,Fed,chairman,Alan,Greenspan,"","",cheered,depressed,investors,with,New,York,'s,Dow,Jones,share,average,jumping,nearly,500,points,on,the,news,.}",5,2,15,2,2,"{STARTS_WITH_CAPITAL_[True_True],NGRAM_1_[marry],LENGTHS_[3_2],""NGRAM_1_[,]"",""NGRAM_2_[marry to]"",""NGRAM_2_[, who]""}","{-1.31464,1.12548,1.08145,-0.736788,0.452846,0.268282}"
AFP_ENG_20081119.0148.LDC2009T13_116_4-AFP_ENG_20081119.0148.LDC2009T13_116_29,AFP_ENG_20081119.0148.LDC2009T13_116,Patrick Ramael-Laurent Gbagbo,,0.928,"{He,is,French,judge,Patrick,Ramael,'s,principal,witness,"","",said,lawyer,Rodrigue,Ange,Dadje,"","",who,is,representing,Simone,Gbagbo,"","",wife,of,the,Ivory,Coast,president,"","",Laurent,Gbagbo,.}",4,2,29,2,2,"{NGRAM_1_[wife],STARTS_WITH_CAPITAL_[True_True],LENGTHS_[2_2],""NGRAM_1_[,]"",""NGRAM_2_[wife of]"",""NGRAM_2_[, say]""}","{1.45266,-1.31464,1.00097,-0.736788,0.621528,-0.34065}"
APW_ENG_20070126.1632.LDC2009T13_390_22-APW_ENG_20070126.1632.LDC2009T13_390_12,APW_ENG_20070126.1632.LDC2009T13_390,Walter Annenberg-Leonore Annenberg,t,0.93,"{Included,at,the,white-tie,event,is,a,reception,for,the,couple,with,Leonore,Annenberg,"","",wife,of,the,late,publisher,and,philanthropist,Walter,Annenberg,"","",who,served,as,the,United,States,',ambassador,to,Britain,.}",22,2,12,2,2,"{INV_NGRAM_1_[wife],""INV_BETW_D_[prep_of DICT_married appos]"",INV_LENGTHS_[3_3],INV_STARTS_WITH_CAPITAL_[True_True],""INV_NGRAM_1_[,]"",IS_INVERTED}","{1.40876,0.850398,0.787954,-0.763446,-0.66542,-0.651428}"
AFP_ENG_20080310.0509.LDC2009T13_39_0-AFP_ENG_20080310.0509.LDC2009T13_39_8,AFP_ENG_20080310.0509.LDC2009T13_39,Asif Ali Zardari-Benazir Bhutto,t,0.922,"{Asif,Ali,Zardari,"","",widower,of,assassinated,ex-premier,Benazir,Bhutto,"","",and,former,prime,minister,Nawaz,Sharif,signed,a,coalition,pact,on,Sunday,following,last,month,'s,general,elections,in,which,they,trounced,Musharraf,'s,allies,.}",0,3,8,2,2,"{STARTS_WITH_CAPITAL_[True_True],LENGTHS_[3_2],NGRAM_1_[widower],""NGRAM_1_[,]"",""NGRAM_2_[widower of]"",""NER_SEQ_[O O O O O]""}","{-1.31464,1.08145,0.833708,-0.736788,0.625951,0.37503}"
APW_ENG_20070508.0246.LDC2009T13_49_16-APW_ENG_20070508.0246.LDC2009T13_49_35,APW_ENG_20070508.0246.LDC2009T13_49,George W. Bush-Laura Bush,t,0.966,"{After,a,day,of,pomp,Monday,"","",capped,by,a,white-tie,state,dinner,hosted,by,President,George,W.,Bush,"","",the,British,monarch,and,her,husband,"","",Prince,Philip,"","",were,to,join,first,lady,Laura,Bush,in,a,tour,of,Children,'s,National,Medical,Center,and,to,visit,NASA,'s,Goddard,Space,Flight,Center,.}",16,3,35,2,2,"{NGRAM_1_[husband],STARTS_WITH_CAPITAL_[True_True],LENGTHS_[2_2],""NGRAM_1_[,]"",NGRAM_1_[she],NGRAM_1_[lady]}","{1.38993,-1.31464,1.00097,-0.736788,0.686583,0.373323}"
APW_ENG_20080316.0561.LDC2009T13_14_29-APW_ENG_20080316.0561.LDC2009T13_14_10,APW_ENG_20080316.0561.LDC2009T13_14,Heather Mills-Paul McCartney,t,0.958,"{It,'s,been,a,hard,day,'s,night,"","",but,Paul,McCartney,will,finally,learn,Monday,how,much,of,his,huge,fortune,he,must,hand,over,to,estranged,wife,Heather,Mills,.}",29,2,10,2,2,"{INV_NGRAM_1_[wife],INV_LENGTHS_[2_2],INV_STARTS_WITH_CAPITAL_[True_True],IS_INVERTED,INV_NGRAM_1_[of],INV_NGRAM_1_[he]}","{1.40876,1.0991,-0.763446,-0.651428,-0.345948,0.327682}"
APW_ENG_20080405.0261.LDC2009T13_52_15-APW_ENG_20080405.0261.LDC2009T13_52_6,APW_ENG_20080405.0261.LDC2009T13_52,Benazir Bhutto-Asif Ali Zardari,t,0.946,"{Major,newspapers,ran,stories,suggesting,that,Asif,Ali,Zardari,"","",husband,of,former,Prime,Minister,Benazir,Bhutto,who,became,the,Pakistan,Peoples,Party,leader,after,she,was,assassinated,in,December,"","",has,changed,his,tune,on,reinstating,the,judges,dismissed,last,November,.}",15,2,6,3,3,"{INV_NGRAM_1_[husband],INV_LENGTHS_[2_3],""INV_BETW_D_[prep_of DICT_married appos]"",INV_STARTS_WITH_CAPITAL_[True_True],""INV_NGRAM_1_[,]"",IS_INVERTED}","{1.33699,1.08611,0.850398,-0.763446,-0.66542,-0.651428}"
APW_ENG_20070216.1136.LDC2009T13_19_0-APW_ENG_20070216.1136.LDC2009T13_19_20,APW_ENG_20070216.1136.LDC2009T13_19,Anna Nicole Smith-Howard K. Stern,t,0.93,"{Anna,Nicole,Smith,said,in,a,2001,will,that,all,property,of,her,estate,should,be,given,to,longtime,companion,Howard,K.,Stern,to,hold,in,trust,"","",according,to,a,document,released,Friday,.}",0,3,20,3,3,"{STARTS_WITH_CAPITAL_[True_True],NGRAM_1_[she],LENGTHS_[3_3],NGRAM_1_[companion],NGRAM_1_[of],NGRAM_1_[longtime]}","{-1.31464,0.686583,0.67779,0.446504,-0.244324,0.234447}"
APW_ENG_20080409.1024.LDC2009T13_157_0-APW_ENG_20080409.1024.LDC2009T13_157_11,APW_ENG_20080409.1024.LDC2009T13_157,Michelle Obama-Barack Obama,t,0.908,"{Michelle,Obama,wrote,about,how,she,was,hesitant,about,her,husband,Barack,Obama,getting,into,the,presidential,race,.}",0,2,11,2,2,"{NGRAM_1_[husband],STARTS_WITH_CAPITAL_[True_True],LENGTHS_[2_2],NGRAM_1_[she],""NER_SEQ_[O O O O O O O O O]"",NGRAM_1_[write]}","{1.38993,-1.31464,1.00097,0.686583,0.312113,-0.213612}"
APW_ENG_20080106.0693.LDC2009T13_0_0-APW_ENG_20080106.0693.LDC2009T13_0_4,APW_ENG_20080106.0693.LDC2009T13_0,Jack Black-Tanya Haden,t,0.986,"{Jack,Black,and,wife,Tanya,Haden,expecting,another,baby,;,already,have,1-year-old,son}",0,2,4,2,2,"{NGRAM_1_[wife],STARTS_WITH_CAPITAL_[True_True],LENGTHS_[2_2],""POS_SEQ_[CC NN]"",""NER_SEQ_[O O]"",""BETW_L_[nsubj nsubj]""}","{1.45266,-1.31464,1.00097,0.812338,0.481143,0.325851}"
APW_ENG_20080402.0512.LDC2009T13_92_19-APW_ENG_20080402.0512.LDC2009T13_92_29,APW_ENG_20080402.0512.LDC2009T13_92,Asif Ali Zardari-Benazir Bhutto,t,0.972,"{Among,those,attending,were,Nawaz,Sharif,"","",who,was,ousted,as,premier,in,Musharraf,'s,1999,coup,"","",and,Asif,Ali,Zardari,"","",the,widower,of,slain,former,premier,Benazir,Bhutto,.}",19,3,29,2,2,"{STARTS_WITH_CAPITAL_[True_True],LENGTHS_[3_2],NGRAM_1_[widower],""NGRAM_1_[,]"",""NGRAM_2_[widower of]"",""BETW_L_[appos prep_of]""}","{-1.31464,1.08145,0.833708,-0.736788,0.625951,0.476602}"
APW_ENG_20080220.0214.LDC2009T13_65_3-APW_ENG_20080220.0214.LDC2009T13_65_11,APW_ENG_20080220.0214.LDC2009T13_65,Cindy McCain-John McCain,t,0.956,"{He,commented,after,Cindy,McCain,"","",wife,of,Republican,presidential,candidate,John,McCain,"","",made,a,veiled,reference,to,Michelle,Obama,'s,recent,remarks,.}",3,2,11,2,2,"{NGRAM_1_[wife],STARTS_WITH_CAPITAL_[True_True],LENGTHS_[2_2],""BETW_D_[appos DICT_married prep_of]"",""NGRAM_1_[,]"",""NGRAM_2_[wife of]""}","{1.45266,-1.31464,1.00097,0.819902,-0.736788,0.621528}"
APW_ENG_20071217.0153.LDC2009T13_77_1-APW_ENG_20071217.0153.LDC2009T13_77_27,APW_ENG_20071217.0153.LDC2009T13_77,Ike Turner-Tina Turner,t,0.908,"{--,Ike,Turner,"","",76,"","",whose,role,as,one,of,rock,'s,critical,architects,was,overshadowed,by,his,image,as,the,man,who,abused,former,wife,Tina,Turner,"","",in,San,Marcos,"","",California,.}",1,2,27,2,2,"{NGRAM_1_[wife],STARTS_WITH_CAPITAL_[True_True],LENGTHS_[2_2],""NGRAM_1_[,]"",NGRAM_1_[he],NGRAM_1_[by]}","{1.45266,-1.31464,1.00097,-0.736788,0.311969,-0.283928}"
AFP_ENG_20080812.0747.LDC2009T13_466_19-AFP_ENG_20080812.0747.LDC2009T13_466_9,AFP_ENG_20080812.0747.LDC2009T13_466,Benazir Bhutto-Asif Ali Zardari,t,0.974,"{The,decision,came,after,he,spoke,to,coalition,leader,Asif,Ali,Zardari,"","",the,widower,of,assassinated,former,premier,Benazir,Bhutto,and,leader,of,the,Pakistan,'s,People,'s,Party,.}",19,2,9,3,3,"{INV_LENGTHS_[2_3],INV_NGRAM_1_[widower],INV_STARTS_WITH_CAPITAL_[True_True],""INV_NGRAM_1_[,]"",IS_INVERTED,""INV_NGRAM_2_[widower of]""}","{1.08611,0.849673,-0.763446,-0.66542,-0.651428,0.605642}"
95331@82_5-95331@82_0,95331@82,Patrick Nugent-C. Luci Baines Johnson,,0.986,"{C.,Luci,Baines,Johnson,married,Patrick,Nugent,"","",23,"","",at,the,Shrine,of,the,Immaculate,Conception,on,Aug.,6,"","",1966,.}",5,2,0,4,4,"{INV_NGRAM_1_[marry],INV_LENGTHS_[2_4],INV_STARTS_WITH_CAPITAL_[True_True],IS_INVERTED,INV_NER_SEQ_[O],INV_POS_SEQ_[VBD]}","{1.16876,1.11094,-0.763446,-0.651428,0.446218,0.321302}"
AFP_ENG_20080229.0193.LDC2009T13_8_7-AFP_ENG_20080229.0193.LDC2009T13_8_2,AFP_ENG_20080229.0193.LDC2009T13_8,Carla Bruni-Nicolas Sarkozy,t,0.922,"{French,President,Nicolas,Sarkozy,and,first,lady,Carla,Bruni,visited,the,Robben,Island,former,prison,colony,Friday,where,South,African,anti-apartheid,icon,Nelson,Mandela,was,held,for,18,years,.}",7,2,2,2,2,"{INV_LENGTHS_[2_3],INV_STARTS_WITH_CAPITAL_[True_True],IS_INVERTED,""INV_NER_SEQ_[O ORDINAL O]"",""INV_POS_SEQ_[CC JJ NN]"",INV_NGRAM_1_[lady]}","{1.08611,-0.763446,-0.651428,0.410631,0.352405,0.335321}"
AFP_ENG_20080205.0171.LDC2009T13_8_6-AFP_ENG_20080205.0171.LDC2009T13_8_1,AFP_ENG_20080205.0171.LDC2009T13_8,Carla Bruni-Nicolas Sarkozy,t,0.926,"{President,Nicolas,Sarkozy,'s,marriage,to,Carla,Bruni,at,the,weekend,"","",far,from,fixing,his,bruised,image,"","",has,harmed,it,among,a,third,of,French,voters,"","",a,new,poll,suggested,on,Tuesday,.}",6,2,1,2,2,"{INV_LENGTHS_[2_3],INV_STARTS_WITH_CAPITAL_[True_True],IS_INVERTED,""INV_NER_SEQ_[O O O]"",INV_NGRAM_1_[marriage],""INV_NGRAM_2_[marriage to]""}","{1.08611,-0.763446,-0.651428,0.546301,0.507923,0.432554}"
AFP_ENG_20070711.0415.LDC2009T13_436_26-AFP_ENG_20070711.0415.LDC2009T13_436_1,AFP_ENG_20070711.0415.LDC2009T13_436,Diane Antonopoulos-Montgomerie,,0.952,"{While,Montgomerie,has,been,rediscovering,his,form,over,the,last,three,weeks,"","",Luke,Donald,has,been,busy,getting,married,to,long,-,term,American,girlfriend,Diane,Antonopoulos,on,the,Greek,island,of,Santorini,"","",where,her,family,originate,from,.}",26,2,1,1,1,"{INV_NGRAM_1_[marry],INV_NGRAM_1_[girlfriend],INV_LENGTHS_[3_2],INV_STARTS_WITH_CAPITAL_[True_True],""INV_NGRAM_1_[,]"",IS_INVERTED}","{1.16876,0.966201,0.92871,-0.763446,-0.66542,-0.651428}"
AFP_ENG_20080808.0371.LDC2009T13_188_12-AFP_ENG_20080808.0371.LDC2009T13_188_2,AFP_ENG_20080808.0371.LDC2009T13_188,Benazir Bhutto-Asif Ali Zardari,t,0.936,"{Coalition,leaders,Asif,Ali,Zardari,--,the,widower,of,slain,former,premier,Benazir,Bhutto,--,and,Nawaz,Sharif,announced,on,Thursday,that,they,would,seek,Musharraf,'s,impeachment,for,allegedly,mismanaging,the,country,.}",12,2,2,3,3,"{INV_LENGTHS_[2_3],INV_NGRAM_1_[widower],INV_STARTS_WITH_CAPITAL_[True_True],IS_INVERTED,""INV_NGRAM_2_[widower of]"",""INV_W_NER_L_1_R_3_[O]_[O O PERSON]""}","{1.08611,0.849673,-0.763446,-0.651428,0.605642,-0.427405}"
APW_ENG_20070713.1226.LDC2009T13_351_8-APW_ENG_20070713.1226.LDC2009T13_351_0,APW_ENG_20070713.1226.LDC2009T13_351,Franklin D. Roosevelt-Eleanor Roosevelt,t,0.94,"{Eleanor,Roosevelt,was,the,wife,of,former,President,Franklin,D.,Roosevelt,"","",and,was,known,for,her,promotion,of,social,welfare,programs,during,the,Depression,and,civil,rights,.}",8,3,0,2,2,"{INV_NGRAM_1_[wife],INV_STARTS_WITH_CAPITAL_[True_True],IS_INVERTED,INV_LENGTHS_[4_3],""INV_NGRAM_2_[wife of]"",""INV_NGRAM_2_[former President]""}","{1.40876,-0.763446,-0.651428,0.572016,0.517108,0.352894}"
AFP_ENG_20081106.0539.LDC2009T13_491_2-AFP_ENG_20081106.0539.LDC2009T13_491_23,AFP_ENG_20081106.0539.LDC2009T13_491,George Takei-Brad Altman,t,0.95,"{Japanese-American,actor,George,Takei,"","",who,played,Mr,Sulu,in,the,long-running,series,``,Star,Trek,'',and,who,married,his,longtime,partner,Brad,Altman,in,September,"","",said,his,marriage,would,remain,valid,no,matter,what,.}",2,2,23,2,2,"{STARTS_WITH_CAPITAL_[True_True],NGRAM_1_[marry],LENGTHS_[2_2],NGRAM_1_[partner],""NGRAM_1_[,]"",NGRAM_1_[play]}","{-1.31464,1.12548,1.00097,0.868,-0.736788,-0.360127}"
AFP_ENG_20080114.0145.LDC2009T13_9_3-AFP_ENG_20080114.0145.LDC2009T13_9_27,AFP_ENG_20080114.0145.LDC2009T13_9,Britney Spears-Kevin Federline,t,0.966,"{Troubled,pop,star,Britney,Spears,was,yet,to,arrive,at,a,Los,Angeles,court,on,Monday,for,a,crucial,hearing,in,her,bitter,custody,battle,with,ex-husband,Kevin,Federline,.}",3,2,27,2,2,"{STARTS_WITH_CAPITAL_[True_True],LENGTHS_[2_3],NGRAM_1_[ex-husband],NGRAM_1_[she],NGRAM_1_[custody],NGRAM_1_[with]}","{-1.31464,0.973073,0.892243,0.686583,0.369509,0.333158}"
AFP_ENG_20081016.0160.LDC2009T13_9_2-AFP_ENG_20081016.0160.LDC2009T13_9_7,AFP_ENG_20081016.0160.LDC2009T13_9,Kevin Costner-Christine Baumgartner,t,0.95,"{Oscar-winning,actor-director,Kevin,Costner,and,his,wife,Christine,Baumgartner,are,expecting,their,second,child,"","",a,spokesman,for,the,star,confirmed,to,AFP,Thursday,.}",2,2,7,2,2,"{NGRAM_1_[wife],STARTS_WITH_CAPITAL_[True_True],LENGTHS_[2_4],""NER_SEQ_[O O O]"",NGRAM_1_[he],""BETW_L_[nsubj nsubj dep]""}","{1.45266,-1.31464,1.22152,0.507892,0.311969,0.242475}"
APW_ENG_20070614.0030.LDC2009T13_19_9-APW_ENG_20070614.0030.LDC2009T13_19_0,APW_ENG_20070614.0030.LDC2009T13_19,Billy Graham-Ruth Graham,t,0.964,"{Ruth,Graham,"","",the,ailing,wife,of,influential,evangelist,Billy,Graham,"","",fell,into,a,coma,and,appears,to,be,close,to,death,"","",a,family,spokesman,said,.}",9,2,0,2,2,"{INV_NGRAM_1_[wife],INV_LENGTHS_[2_2],""INV_BETW_D_[prep_of DICT_married appos]"",INV_STARTS_WITH_CAPITAL_[True_True],""INV_NGRAM_1_[,]"",IS_INVERTED}","{1.40876,1.0991,0.850398,-0.763446,-0.66542,-0.651428}"
APW_ENG_20070104.1581.LDC2009T13_345_13-APW_ENG_20070104.1581.LDC2009T13_345_2,APW_ENG_20070104.1581.LDC2009T13_345,Hillary Rodham Clinton-Bill Clinton,t,0.962,"{Former,President,Bill,Clinton,watched,from,the,gallery,as,his,wife,"","",Sen.,Hillary,Rodham,Clinton,"","",was,sworn,in,for,a,second,term,from,New,York,.}",13,3,2,2,2,"{INV_NGRAM_1_[wife],INV_LENGTHS_[4_2],INV_STARTS_WITH_CAPITAL_[True_True],""INV_NGRAM_1_[,]"",IS_INVERTED,INV_NGRAM_1_[Sen.]}","{1.40876,1.27709,-0.763446,-0.66542,-0.651428,-0.349513}"
AFP_ENG_20080919.0518.LDC2009T13_128_3-AFP_ENG_20080919.0518.LDC2009T13_128_15,AFP_ENG_20080919.0518.LDC2009T13_128,Kyaw Naing-Zaw Zaw Latt,,0.908,"{Myanmar,'s,Soe,Kyaw,Naing,sank,a,hole-in-one,at,the,14th,as,he,and,partner,Zaw,Zaw,Latt,carded,a,69,for,equal,fourth,with,Singapore,'s,Mardan,Mamat,and,Lam,Chih,Bing,-LRB-,73,-RRB-,and,Italy,'s,Francesco,Molinari,and,Edoardo,Molinari,-LRB-,71,-RRB-,.}",3,2,15,3,3,"{STARTS_WITH_CAPITAL_[True_True],LENGTHS_[2_2],NGRAM_1_[partner],""NGRAM_2_[he and]"",NGRAM_1_[he],""BETW_L_[nsubj advcl nsubj]""}","{-1.31464,1.00097,0.868,0.412707,0.311969,0.273595}"
AFP_ENG_20080822.0322.LDC2009T13_204_0-AFP_ENG_20080822.0322.LDC2009T13_204_10,AFP_ENG_20080822.0322.LDC2009T13_204,Asif Ali Zardari-Benazir Bhutto,t,0.98,"{Asif,Ali,Zardari,"","",the,widower,of,slain,former,premier,Benazir,Bhutto,and,now,leader,of,her,Pakistan,People,'s,Party,-LRB-,PPP,-RRB-,"","",is,the,frontrunner,for,the,presidency,after,the,party,'s,MPs,urged,him,to,stand,for,the,post,.}",0,3,10,2,2,"{STARTS_WITH_CAPITAL_[True_True],LENGTHS_[3_2],NGRAM_1_[widower],""NGRAM_1_[,]"",""NGRAM_2_[widower of]"",""BETW_L_[appos prep_of]""}","{-1.31464,1.08145,0.833708,-0.736788,0.625951,0.476602}"
AFP_ENG_20081016.0554.LDC2009T13_661_16-AFP_ENG_20081016.0554.LDC2009T13_661_0,AFP_ENG_20081016.0554.LDC2009T13_661,Sean Penn.-Madonna,,0.93,"{Madonna,--,her,full,name,is,Madonna,Louise,Ciccone,--,was,previously,married,to,US,actor,Sean,Penn.,.}",16,2,0,1,1,"{INV_NGRAM_1_[marry],INV_W_LEMMA_L_1_R_1_[.]_[.],INV_STARTS_WITH_CAPITAL_[True_True],INV_NGRAM_1_[she],IS_INVERTED,""INV_W_NER_L_3_R_1_[PERSON PERSON O]_[O]""}","{1.16876,1.06058,-0.763446,0.658011,-0.651428,-0.5163}"
AFP_ENG_20080327.0186.LDC2009T13_134_36-AFP_ENG_20080327.0186.LDC2009T13_134_27,AFP_ENG_20080327.0186.LDC2009T13_134,Guy Ritchie-Madonna,t,0.902,"{He,introduced,a,controversial,road,charging,scheme,in,2003,to,cut,congestion,in,central,London,"","",later,widening,it,to,west,London,"","",the,area,in,which,Madonna,lives,with,her,British,film,director,husband,"","",Guy,Ritchie,.}",36,2,27,1,1,"{INV_NGRAM_1_[husband],INV_STARTS_WITH_CAPITAL_[True_True],""INV_NGRAM_1_[,]"",INV_NGRAM_1_[she],IS_INVERTED,INV_NGRAM_1_[with]}","{1.33699,-0.763446,-0.66542,0.658011,-0.651428,0.415228}"
AFP_ENG_20080114.0045.LDC2009T13_9_12-AFP_ENG_20080114.0045.LDC2009T13_9_2,AFP_ENG_20080114.0045.LDC2009T13_9,Carla Bruni-Nicolas Sarkozy,t,0.948,"{French,President,Nicolas,Sarkozy,is,believed,to,have,married,former,Italian,supermodel,Carla,Bruni,at,a,small,private,ceremony,held,at,the,Elysee,palace,last,week,"","",a,French,newspaper,reported,Monday,.}",12,2,2,2,2,"{INV_NGRAM_1_[marry],INV_LENGTHS_[2_3],INV_STARTS_WITH_CAPITAL_[True_True],IS_INVERTED,INV_NGRAM_1_[former],INV_NGRAM_1_[be]}","{1.16876,1.08611,-0.763446,-0.651428,0.249809,0.232389}"
AFP_ENG_20080210.0391.LDC2009T13_452_10-AFP_ENG_20080210.0391.LDC2009T13_452_18,AFP_ENG_20080210.0391.LDC2009T13_452,Aung San Suu Kyi-Michael Aris,t,0.914,"{One,clause,bars,anyone,married,to,foreigners,from,standing,--,Aung,San,Suu,Kyi,was,married,to,Briton,Michael,Aris,"","",who,died,in,1999,.}",10,4,18,2,2,"{STARTS_WITH_CAPITAL_[True_True],NGRAM_1_[marry],LENGTHS_[3_2],""NGRAM_2_[marry to]"",""W_LEMMA_L_1_R_1_[--]_[,]"",NGRAM_1_[be]}","{-1.31464,1.12548,1.08145,0.452846,0.274786,0.153606}"
AFP_ENG_20080822.0322.LDC2009T13_204_10-AFP_ENG_20080822.0322.LDC2009T13_204_0,AFP_ENG_20080822.0322.LDC2009T13_204,Benazir Bhutto-Asif Ali Zardari,t,0.99,"{Asif,Ali,Zardari,"","",the,widower,of,slain,former,premier,Benazir,Bhutto,and,now,leader,of,her,Pakistan,People,'s,Party,-LRB-,PPP,-RRB-,"","",is,the,frontrunner,for,the,presidency,after,the,party,'s,MPs,urged,him,to,stand,for,the,post,.}",10,2,0,3,3,"{INV_LENGTHS_[2_3],INV_NGRAM_1_[widower],INV_STARTS_WITH_CAPITAL_[True_True],""INV_NGRAM_1_[,]"",IS_INVERTED,""INV_NGRAM_2_[widower of]""}","{1.08611,0.849673,-0.763446,-0.66542,-0.651428,0.605642}"
AFP_ENG_20070410.0091.LDC2009T13_10_16-AFP_ENG_20070410.0091.LDC2009T13_10_11,AFP_ENG_20070410.0091.LDC2009T13_10,Arun Nayar-Elizabeth Hurley,t,0.912,"{An,Indian,court,will,this,week,hear,testimony,that,British,model,Elizabeth,Hurley,and,her,husband,Arun,Nayar,mocked,Hindu,traditions,with,their,``,showcase,'',wedding,"","",a,laywer,said,Tuesday,.}",16,2,11,2,2,"{INV_NGRAM_1_[husband],INV_LENGTHS_[2_3],INV_STARTS_WITH_CAPITAL_[True_True],INV_NGRAM_1_[she],IS_INVERTED,""INV_NER_SEQ_[O O O]""}","{1.33699,1.08611,-0.763446,0.658011,-0.651428,0.546301}"
AFP_ENG_20081016.0160.LDC2009T13_9_7-AFP_ENG_20081016.0160.LDC2009T13_9_2,AFP_ENG_20081016.0160.LDC2009T13_9,Christine Baumgartner-Kevin Costner,t,0.944,"{Oscar-winning,actor-director,Kevin,Costner,and,his,wife,Christine,Baumgartner,are,expecting,their,second,child,"","",a,spokesman,for,the,star,confirmed,to,AFP,Thursday,.}",7,2,2,2,2,"{INV_NGRAM_1_[wife],INV_LENGTHS_[4_2],INV_STARTS_WITH_CAPITAL_[True_True],IS_INVERTED,""INV_NER_SEQ_[O O O]"",INV_NGRAM_1_[he]}","{1.40876,1.27709,-0.763446,-0.651428,0.546301,0.327682}"
NYT_ENG_20070313.0244.LDC2009T13_59_0-NYT_ENG_20070313.0244.LDC2009T13_59_11,NYT_ENG_20070313.0244.LDC2009T13_59,Niki Tsongas-Paul Tsongas,t,0.966,"{Niki,Tsongas,"","",a,Democrat,and,the,widow,of,US,senator,Paul,Tsongas,"","",is,the,highest-profile,candidate,in,the,race,so,far,.}",0,2,11,2,2,"{STARTS_WITH_CAPITAL_[True_True],LENGTHS_[2_2],""BETW_D_[appos DICT_married prep_of]"",""NGRAM_1_[,]"",NGRAM_1_[widow],""BETW_L_[appos prep_of]""}","{-1.31464,1.00097,0.819902,-0.736788,0.733919,0.476602}"
NYT_ENG_20070627.0114.LDC2009T13_14_40-NYT_ENG_20070627.0114.LDC2009T13_14_15,NYT_ENG_20070627.0114.LDC2009T13_14,John Edwards-Ann Coulter,,0.966,"{WASHINGTON,-,When,Elizabeth,Edwards,called,in,to,a,cable,news,program,Tuesday,to,confront,Ann,Coulter,about,incendiary,remarks,the,conservative,commentator,has,made,about,her,husband,"","",it,was,nothing,new,for,the,wife,of,Democratic,presidential,candidate,John,Edwards,.}",40,2,15,2,2,"{INV_NGRAM_1_[wife],INV_NGRAM_1_[husband],INV_LENGTHS_[2_2],INV_STARTS_WITH_CAPITAL_[True_True],""INV_NGRAM_1_[,]"",INV_NGRAM_1_[she]}","{1.40876,1.33699,1.0991,-0.763446,-0.66542,0.658011}"
eng-WL-11-174598-12965174_4954_25-eng-WL-11-174598-12965174_4954_10,eng-WL-11-174598-12965174_4954,Patrick Watson-Maxine Bahns,t,0.908,"{The,Mentalist,star,-LSB-,SIZE,=,``,4,'',-RSB-,Maxine,Bahns,-LSB-,""\\/"",SIZE,-RSB-,has,welcomed,a,child,with,her,adventure,racer,husband,Patrick,Watson,.}",25,2,10,2,2,"{INV_NGRAM_1_[husband],INV_LENGTHS_[2_2],INV_STARTS_WITH_CAPITAL_[True_True],INV_NGRAM_1_[she],IS_INVERTED,INV_NGRAM_1_[with]}","{1.33699,1.0991,-0.763446,0.658011,-0.651428,0.415228}"
